concentration,y,replicate
0,1.000307585634134,A
0.1371742112482853,1.0759171069674276,A
0.411522633744856,0.9236593645382102,A
1.2345679012345678,0.7418597761791478,A
3.7037037037037033,0.5705378771474031,A
11.11111111111111,0.16242475541995602,A
33.33333333333333,0.05197454973091143,A
100,0.03416774376703059,A
0,0.8842180095267095,B
0.1371742112482853,0.855018913964234,B
0.411522633744856,1.1180465916610194,B
1.2345679012345678,1.013363176859762,B
3.7037037037037033,0.6562887229316322,B
11.11111111111111,0.16492807644491703,B
33.33333333333333,0.05082586173201833,B
100,0.0290800979666945,B
0,0.7145847767321892,C
0.1371742112482853,0.890549221301473,C
0.411522633744856,0.6149691656933289,C
1.2345679012345678,0.6714394020064746,C
3.7037037037037033,0.40335355976364634,C
11.11111111111111,0.19624300386724208,C
33.33333333333333,0.03729490229107728,C
100,0.02615510294095669,C
